,0,1
0,https://yocket.in/profiles/ms9199,
1,https://yocket.in/profiles/ms9199,
2,https://yocket.in/profiles/khajagh1997,
3,https://yocket.in/profiles/pclohar,
4,https://yocket.in/profiles/srinivasko1995,
5,https://yocket.in/profiles/alliswell,
6,https://yocket.in/profiles/vigneshswCSNinja,
7,https://yocket.in/profiles/Vishwarajsinh,
8,https://yocket.in/profiles/Sundar1992,
9,https://yocket.in/profiles/milanchheta,
10,https://yocket.in/profiles/sushrut761,
11,https://yocket.in/profiles/pramodsai,
12,https://yocket.in/profiles/mandarmm,
13,https://yocket.in/profiles/Rishikesh3938,
14,https://yocket.in/profiles/shaivyac,
15,https://yocket.in/profiles/rchawande,
16,https://yocket.in/profiles/anjalirainferno,
17,https://yocket.in/profiles/AseemPandita,
18,https://yocket.in/profiles/tanmaydeshpande,
19,https://yocket.in/profiles/bogadan,
20,https://yocket.in/profiles/pratyush7,
21,https://yocket.in/profiles/gulshankb,
22,https://yocket.in/profiles/gulshankb,
23,https://yocket.in/profiles/akhilsaip,
24,https://yocket.in/profiles/ram22,
25,https://yocket.in/profiles/InfernapeXavier,
26,https://yocket.in/profiles/Nithin Sai,
27,https://yocket.in/profiles/bhuvana1995,
28,https://yocket.in/profiles/RahulGolhar,
29,https://yocket.in/profiles/rustysj,
30,https://yocket.in/profiles/ajay0196,
31,https://yocket.in/profiles/Shenoy_Sid,
32,https://yocket.in/profiles/shaggy,
33,https://yocket.in/profiles/Palash98,
34,https://yocket.in/profiles/chiransh,
35,https://yocket.in/profiles/Rohit101,
36,https://yocket.in/profiles/RisKhot,
37,https://yocket.in/profiles/anitgu2565,
38,https://yocket.in/profiles/Harmish,
39,https://yocket.in/profiles/vinayram88,
40,https://yocket.in/profiles/soumya94,
41,https://yocket.in/profiles/mnil,
42,https://yocket.in/profiles/harshild92,
43,https://yocket.in/profiles/harshild92,
44,https://yocket.in/profiles/Direwolf,
45,https://yocket.in/profiles/Pratik-Barhate,
46,https://yocket.in/profiles/iamakmurthy,
47,https://yocket.in/profiles/Prithviraj1995,
48,https://yocket.in/profiles/Prasanth97,
49,https://yocket.in/profiles/manavraj1997,
50,https://yocket.in/profiles/Sambu71,
51,https://yocket.in/profiles/ankushbhatia02,
52,https://yocket.in/profiles/Nivvi3,
53,https://yocket.in/profiles/Fiddler,
54,https://yocket.in/profiles/akshhhh,
55,https://yocket.in/profiles/Niranjani0729,
56,https://yocket.in/profiles/ektaak1997,
57,https://yocket.in/profiles/tanmaywa1996,
58,https://yocket.in/profiles/akshay2909,
59,https://yocket.in/profiles/Kaustubh1,
60,https://yocket.in/profiles/kiran mukunda,
61,https://yocket.in/profiles/eloradu1989,
62,https://yocket.in/profiles/shreya168,
63,https://yocket.in/profiles/shrijeetrupnar777,
64,https://yocket.in/profiles/shrijeetrupnar777,
65,https://yocket.in/profiles/psingh,
66,https://yocket.in/profiles/kakarrot,
67,https://yocket.in/profiles/mohitgeek321,
68,https://yocket.in/profiles/goutham294,
69,https://yocket.in/profiles/adarshrh,
70,https://yocket.in/profiles/preethi34,
71,https://yocket.in/profiles/Anubhav sharma,
72,https://yocket.in/profiles/psahu1989,
73,https://yocket.in/profiles/sathyaveer27,
74,https://yocket.in/profiles/dhanrajra1993,
75,https://yocket.in/profiles/Tade10,
76,https://yocket.in/profiles/Kiransk18,
77,https://yocket.in/profiles/Shaurya133,
78,https://yocket.in/profiles/AshutoshDey,
79,https://yocket.in/profiles/vpn007,
80,https://yocket.in/profiles/jhonpegeek,
81,https://yocket.in/profiles/anantha-krishnan,
82,https://yocket.in/profiles/akshay.haryani,
83,https://yocket.in/profiles/nitikuhar,
84,https://yocket.in/profiles/Jay R Shah,
85,https://yocket.in/profiles/Jay R Shah,
86,https://yocket.in/profiles/Rupali1995,
87,https://yocket.in/profiles/Raman011087,
88,https://yocket.in/profiles/Ankan001,
89,https://yocket.in/profiles/Ram12345,
90,https://yocket.in/profiles/bharadwaj burra,
91,https://yocket.in/profiles/Kirankv,
92,https://yocket.in/profiles/manuu97,
93,https://yocket.in/profiles/saketh1197,
94,https://yocket.in/profiles/rutuupatel19,
95,https://yocket.in/profiles/siddharth23797,
96,https://yocket.in/profiles/KrisshaJ,
97,https://yocket.in/profiles/saideepchatrala,
98,https://yocket.in/profiles/Sunku,
99,https://yocket.in/profiles/chandu2277,
100,https://yocket.in/profiles/pulkitdongle,
101,https://yocket.in/profiles/3ishaan,
102,https://yocket.in/profiles/SidAgar26,
103,https://yocket.in/profiles/kp1995a,
104,https://yocket.in/profiles/vish92,
105,https://yocket.in/profiles/Deepank,
106,https://yocket.in/profiles/Deepank,
107,https://yocket.in/profiles/mallik1055,
108,https://yocket.in/profiles/sunnyBansal,
109,https://yocket.in/profiles/Arcsoftech,
110,https://yocket.in/profiles/hardipparmar,
111,https://yocket.in/profiles/swetuuu,
112,https://yocket.in/profiles/revanthreddy194,
113,https://yocket.in/profiles/Shubhangialande,
114,https://yocket.in/profiles/yashdani,
115,https://yocket.in/profiles/KKansara,
116,https://yocket.in/profiles/mendy123,
117,https://yocket.in/profiles/NikhilaRao,
118,https://yocket.in/profiles/Parth1210,
119,https://yocket.in/profiles/thezodiac1994,
120,https://yocket.in/profiles/Sahil-9930,
121,https://yocket.in/profiles/AnushaSagi,
122,https://yocket.in/profiles/snehasnair11,
123,https://yocket.in/profiles/Abhishek-gymrat,
124,https://yocket.in/profiles/vishd29,
125,https://yocket.in/profiles/mj0695,
126,https://yocket.in/profiles/sanz96,
127,https://yocket.in/profiles/sanz96,
128,https://yocket.in/profiles/LeharA,
129,https://yocket.in/profiles/Ashmil,
130,https://yocket.in/profiles/AmitShetty,
131,https://yocket.in/profiles/mitali296,
132,https://yocket.in/profiles/vishnur94,
133,https://yocket.in/profiles/Ujjwal-Chadha,
134,https://yocket.in/profiles/RohitK1990,
135,https://yocket.in/profiles/RamanM,
136,https://yocket.in/profiles/Ankit Mody,
137,https://yocket.in/profiles/vidyaCh,
138,https://yocket.in/profiles/Gahan73,
139,https://yocket.in/profiles/dGMaahi,
140,https://yocket.in/profiles/ManidharVutla,
141,https://yocket.in/profiles/Skywalker95,
142,https://yocket.in/profiles/atulsam,
143,https://yocket.in/profiles/Adil-Surani,
144,https://yocket.in/profiles/kachambry,
145,https://yocket.in/profiles/mugdhawadikar,
146,https://yocket.in/profiles/chirag3103,
147,https://yocket.in/profiles/Anubrata,
148,https://yocket.in/profiles/Anubrata,
149,https://yocket.in/profiles/Prashants,
150,https://yocket.in/profiles/Harshudii,
151,https://yocket.in/profiles/Cash,
152,https://yocket.in/profiles/vsaikrishna93,
153,https://yocket.in/profiles/srujang,
154,https://yocket.in/profiles/Veerul,
155,https://yocket.in/profiles/belnem,
156,https://yocket.in/profiles/PhoenixBuddy,
157,https://yocket.in/profiles/sarang131,
158,https://yocket.in/profiles/Akash4801,
159,https://yocket.in/profiles/Rutul94,
160,https://yocket.in/profiles/rushabhdharia,
161,https://yocket.in/profiles/aakashkinage,
162,https://yocket.in/profiles/yashesh7,
163,https://yocket.in/profiles/Anish391,
164,https://yocket.in/profiles/Qwerty44,
165,https://yocket.in/profiles/nikeshnikum,
166,https://yocket.in/profiles/vamshi666,
167,https://yocket.in/profiles/shriadke,
168,https://yocket.in/profiles/knk1994,
169,https://yocket.in/profiles/knk1994,
170,https://yocket.in/profiles/renumule,
171,https://yocket.in/profiles/Jaylo,
172,https://yocket.in/profiles/virinchi,
173,https://yocket.in/profiles/ajthakare,
174,https://yocket.in/profiles/deepsm007,
175,https://yocket.in/profiles/Bindu10,
176,https://yocket.in/profiles/maulikmodi,
177,https://yocket.in/profiles/Niveditha96,
178,https://yocket.in/profiles/PranavGanore,
179,https://yocket.in/profiles/shahjay,
180,https://yocket.in/profiles/ShubhamSawant,
181,https://yocket.in/profiles/Rohan1996,
182,https://yocket.in/profiles/khazana,
183,https://yocket.in/profiles/dipesh1996,
184,https://yocket.in/profiles/eashan22,
185,https://yocket.in/profiles/SHRUTIKAs,
186,https://yocket.in/profiles/YashD123,
187,https://yocket.in/profiles/rutu1994,
188,https://yocket.in/profiles/Sachin061992,
189,https://yocket.in/profiles/MayukhMaitra,
190,https://yocket.in/profiles/MayukhMaitra,
191,https://yocket.in/profiles/Chaitralik,
192,https://yocket.in/profiles/pooja28,
193,https://yocket.in/profiles/prashanthm,
194,https://yocket.in/profiles/ShashankTops,
195,https://yocket.in/profiles/student_councilumit10,
196,https://yocket.in/profiles/snehaparanjape,
197,https://yocket.in/profiles/Pranzpatel,
198,https://yocket.in/profiles/shreya1096,
199,https://yocket.in/profiles/malavshah,
200,https://yocket.in/profiles/rutvik97,
201,https://yocket.in/profiles/mounika49,
202,https://yocket.in/profiles/bhavya111,
203,https://yocket.in/profiles/Honolulu 123,
204,https://yocket.in/profiles/SonaliJohari,
205,https://yocket.in/profiles/mohit2501,
206,https://yocket.in/profiles/sandeep0104,
207,https://yocket.in/profiles/STARK97,
208,https://yocket.in/profiles/Rajeshwari Raji,
209,https://yocket.in/profiles/Rohit Dulam,
210,https://yocket.in/profiles/kjampani,
211,https://yocket.in/profiles/kjampani,
212,https://yocket.in/profiles/Maithily,
213,https://yocket.in/profiles/vai22,
214,https://yocket.in/profiles/yashb5,
215,https://yocket.in/profiles/ShekharChaudhary,
216,https://yocket.in/profiles/NinjasInPajamas,
217,https://yocket.in/profiles/Sidd16,
218,https://yocket.in/profiles/hellosaumil,
219,https://yocket.in/profiles/ashsri,
220,https://yocket.in/profiles/swaroopbin,
221,https://yocket.in/profiles/adityasaky,
222,https://yocket.in/profiles/Amritha,
223,https://yocket.in/profiles/Lilybh,
224,https://yocket.in/profiles/div5595,
225,https://yocket.in/profiles/ramvinoth,
226,https://yocket.in/profiles/pinak kelkar,
227,https://yocket.in/profiles/kshitij95,
228,https://yocket.in/profiles/shreyas padhye,
229,https://yocket.in/profiles/shivam920302,
230,https://yocket.in/profiles/theashishtadke,
231,https://yocket.in/profiles/HarshaParuchuri,
232,https://yocket.in/profiles/HarshaParuchuri,
233,https://yocket.in/profiles/Pawan Bole,
234,https://yocket.in/profiles/kesha,
235,https://yocket.in/profiles/hiphop,
236,https://yocket.in/profiles/adwa12,
237,https://yocket.in/profiles/aravinds1811,
238,https://yocket.in/profiles/daxing,
239,https://yocket.in/profiles/nikhilsuri,
240,https://yocket.in/profiles/Manav23,
241,https://yocket.in/profiles/pidlipatel,
242,https://yocket.in/profiles/Kally162,
243,https://yocket.in/profiles/Ajjay,
244,https://yocket.in/profiles/Amanjot,
245,https://yocket.in/profiles/Ojas,
246,https://yocket.in/profiles/tihom25,
247,https://yocket.in/profiles/damayanti,
248,https://yocket.in/profiles/Sagnik1994,
249,https://yocket.in/profiles/Deepakh94,
250,https://yocket.in/profiles/kartikkaul,
251,https://yocket.in/profiles/YPPawar,
252,https://yocket.in/profiles/Ganeshnikhilm,
253,https://yocket.in/profiles/Ganeshnikhilm,
254,https://yocket.in/profiles/mission51,
255,https://yocket.in/profiles/andvish93,
256,https://yocket.in/profiles/Chandan_Naik,
257,https://yocket.in/profiles/Imran3180,
258,https://yocket.in/profiles/Bharat1708,
259,https://yocket.in/profiles/krishnasehgal2108,
260,https://yocket.in/profiles/Itachi5,
261,https://yocket.in/profiles/poojathakoor,
262,https://yocket.in/profiles/Harsh Lalwani,
263,https://yocket.in/profiles/mjain01,
264,https://yocket.in/profiles/sachin261,
265,https://yocket.in/profiles/Tridha,
266,https://yocket.in/profiles/sidthekid,
267,https://yocket.in/profiles/sunilbapu,
268,https://yocket.in/profiles/SachinMS,
269,https://yocket.in/profiles/pareek5343,
270,https://yocket.in/profiles/UppalaVenkateshGoud,
271,https://yocket.in/profiles/Deepanshs20,
272,https://yocket.in/profiles/Ritesh18,
273,https://yocket.in/profiles/nisahbhtrap,
274,https://yocket.in/profiles/nisahbhtrap,
275,https://yocket.in/profiles/Raj59595,
276,https://yocket.in/profiles/kunalmehta,
277,https://yocket.in/profiles/Visaj-Kapadia,
278,https://yocket.in/profiles/Venkatakrishnan111,
279,https://yocket.in/profiles/pritikumr,
280,https://yocket.in/profiles/akashak47,
281,https://yocket.in/profiles/Abhilash93k,
282,https://yocket.in/profiles/BhuvanMalik,
283,https://yocket.in/profiles/amandelhi,
284,https://yocket.in/profiles/ag1234,
285,https://yocket.in/profiles/AarushiBisht,
286,https://yocket.in/profiles/BhushanM,
287,https://yocket.in/profiles/Rajeev680,
288,https://yocket.in/profiles/tejaskk,
289,https://yocket.in/profiles/radzz1,
290,https://yocket.in/profiles/Ishika1007,
291,https://yocket.in/profiles/Dark-Lord,
292,https://yocket.in/profiles/Ravinder,
293,https://yocket.in/profiles/drarkayl,
294,https://yocket.in/profiles/SataRay,
295,https://yocket.in/profiles/SataRay,
296,https://yocket.in/profiles/Ash20win,
297,https://yocket.in/profiles/Bhagya09876,
298,https://yocket.in/profiles/PulkitT,
299,https://yocket.in/profiles/tharun21feb,
300,https://yocket.in/profiles/Sandy7505,
301,https://yocket.in/profiles/shyam kalariya,
302,https://yocket.in/profiles/BDGandhi,
303,https://yocket.in/profiles/Natansh,
304,https://yocket.in/profiles/Kar24111996,
305,https://yocket.in/profiles/shalin07,
306,https://yocket.in/profiles/shrenikdaga,
307,https://yocket.in/profiles/kedarkulk7,
308,https://yocket.in/profiles/vishesh51,
309,https://yocket.in/profiles/Fenil97,
310,https://yocket.in/profiles/bhattmanthan11,
311,https://yocket.in/profiles/barkha,
312,https://yocket.in/profiles/lokeshsurya,
313,https://yocket.in/profiles/devavrat_raikar,
314,https://yocket.in/profiles/mitulrm,
315,https://yocket.in/profiles/Pritishrawal,
316,https://yocket.in/profiles/Pritishrawal,
317,https://yocket.in/profiles/shiv4m,
318,https://yocket.in/profiles/amipro,
319,https://yocket.in/profiles/Nitish Joshi ,
320,https://yocket.in/profiles/yaminiek,
321,https://yocket.in/profiles/manisharocks,
322,https://yocket.in/profiles/Imrahulyadav,
323,https://yocket.in/profiles/Aparna1594,
324,https://yocket.in/profiles/Shashi666,
325,https://yocket.in/profiles/dpkvelu,
326,https://yocket.in/profiles/HM17,
327,https://yocket.in/profiles/ftorres,
328,https://yocket.in/profiles/harshel,
329,https://yocket.in/profiles/ashkasoni,
330,https://yocket.in/profiles/paranova,
331,https://yocket.in/profiles/varma0789,
332,https://yocket.in/profiles/Sonal2694,
333,https://yocket.in/profiles/shades2793P ,
334,https://yocket.in/profiles/Prateekro,
335,https://yocket.in/profiles/Asmitaa,
336,https://yocket.in/profiles/akash6396,
337,https://yocket.in/profiles/akash6396,
338,https://yocket.in/profiles/Adheep,
339,https://yocket.in/profiles/vyengul,
340,https://yocket.in/profiles/kirtana,
341,https://yocket.in/profiles/soumyakanti,
342,https://yocket.in/profiles/ritwik44,
343,https://yocket.in/profiles/ankimit,
344,https://yocket.in/profiles/bobbyda16,
345,https://yocket.in/profiles/vishalu,
346,https://yocket.in/profiles/JeelChristian4,
347,https://yocket.in/profiles/div5yesh,
348,https://yocket.in/profiles/Sumanth1,
349,https://yocket.in/profiles/Boss,
350,https://yocket.in/profiles/PranayJagtap,
351,https://yocket.in/profiles/Mayank Reddy Saddi,
352,https://yocket.in/profiles/Abhay1995,
353,https://yocket.in/profiles/swe7929,
354,https://yocket.in/profiles/anisha1103,
355,https://yocket.in/profiles/kevin1010,
356,https://yocket.in/profiles/rohangupta1994,
357,https://yocket.in/profiles/nirbhay,
358,https://yocket.in/profiles/nirbhay,
359,https://yocket.in/profiles/BHAVANIRISHITHA,
360,https://yocket.in/profiles/Saurabh1703,
361,https://yocket.in/profiles/sanchi36,
362,https://yocket.in/profiles/vs12691,
363,https://yocket.in/profiles/Bharti27,
364,https://yocket.in/profiles/shubham bakre,
365,https://yocket.in/profiles/Hitesh2402,
366,https://yocket.in/profiles/simranm,
367,https://yocket.in/profiles/padfootedHighlander,
368,https://yocket.in/profiles/SaiVarunAlapati,
369,https://yocket.in/profiles/surya2197,
370,https://yocket.in/profiles/meetshah786,
371,https://yocket.in/profiles/Akhil krishnamoorthy,
372,https://yocket.in/profiles/Adi2896,
373,https://yocket.in/profiles/sukumargaonkar,
374,https://yocket.in/profiles/Jinal2010,
375,https://yocket.in/profiles/agrawalnimish,
376,https://yocket.in/profiles/AreebAatif,
377,https://yocket.in/profiles/blkhrt,
378,https://yocket.in/profiles/Mayuri34,
379,https://yocket.in/profiles/Mayuri34,
380,https://yocket.in/profiles/omiii,
381,https://yocket.in/profiles/TejasAr,
382,https://yocket.in/profiles/asdalal,
383,https://yocket.in/profiles/saq1995,
384,https://yocket.in/profiles/Akbar7,
385,https://yocket.in/profiles/Harshith11,
386,https://yocket.in/profiles/FShah,
387,https://yocket.in/profiles/Divyaaa,
388,https://yocket.in/profiles/iaakashx,
389,https://yocket.in/profiles/devavratk,
390,https://yocket.in/profiles/zaiyan95,
391,https://yocket.in/profiles/Police Lokesh Reddy ,
392,https://yocket.in/profiles/Anis Basak,
393,https://yocket.in/profiles/Craky,
394,https://yocket.in/profiles/Vivek D,
395,https://yocket.in/profiles/anon23,
396,https://yocket.in/profiles/ashishm1992,
397,https://yocket.in/profiles/Khadutz95,
398,https://yocket.in/profiles/hitayu,
399,https://yocket.in/profiles/PrajwalM,
400,https://yocket.in/profiles/PrajwalM,
401,https://yocket.in/profiles/sowrabh95,
402,https://yocket.in/profiles/Animesh-,
403,https://yocket.in/profiles/SouradeepB,
404,https://yocket.in/profiles/aayushshah96,
405,https://yocket.in/profiles/mokimoni,
406,https://yocket.in/profiles/sanika11,
407,https://yocket.in/profiles/karanpah,
408,https://yocket.in/profiles/Kushal20,
409,https://yocket.in/profiles/Nishit Mehta,
410,https://yocket.in/profiles/kishan D,
411,https://yocket.in/profiles/harshR,
412,https://yocket.in/profiles/sonakotak,
413,https://yocket.in/profiles/shreyassbk,
414,https://yocket.in/profiles/NessaPinto,
415,https://yocket.in/profiles/Sidhuhari,
416,https://yocket.in/profiles/msajidirfan,
417,https://yocket.in/profiles/Shravan9207,
418,https://yocket.in/profiles/chandanarao,
419,https://yocket.in/profiles/TusharDahibhate,
420,https://yocket.in/profiles/Landgeditya,
421,https://yocket.in/profiles/Landgeditya,
422,https://yocket.in/profiles/gkrocks,
423,https://yocket.in/profiles/shen,
424,https://yocket.in/profiles/barbie123,
425,https://yocket.in/profiles/harshacisco,
426,https://yocket.in/profiles/Ash-007,
427,https://yocket.in/profiles/kishorpava,
428,https://yocket.in/profiles/kedarharry,
429,https://yocket.in/profiles/RedRohit,
430,https://yocket.in/profiles/jatinb,
431,https://yocket.in/profiles/teja123456,
432,https://yocket.in/profiles/roshnir,
433,https://yocket.in/profiles/dilishanaidu,
434,https://yocket.in/profiles/ramyasruthi96,
435,https://yocket.in/profiles/kaviya,
436,https://yocket.in/profiles/vaibhavid,
437,https://yocket.in/profiles/Agam,
438,https://yocket.in/profiles/SourabhPardeshi,
439,https://yocket.in/profiles/dbr,
440,https://yocket.in/profiles/ejmath12,
441,https://yocket.in/profiles/Manju Karthik,
442,https://yocket.in/profiles/Manju Karthik,
443,https://yocket.in/profiles/rexijio,
444,https://yocket.in/profiles/Aishwarya Paraspatki,
445,https://yocket.in/profiles/stormtr00per,
446,https://yocket.in/profiles/ratnesh,
447,https://yocket.in/profiles/savya16,
448,https://yocket.in/profiles/murtaza666,
449,https://yocket.in/profiles/JustAGirl,
450,https://yocket.in/profiles/nitishtandon,
451,https://yocket.in/profiles/sshet,
452,https://yocket.in/profiles/Shanks69,
453,https://yocket.in/profiles/linpar,
454,https://yocket.in/profiles/akki567,
455,https://yocket.in/profiles/flash1312,
456,https://yocket.in/profiles/seed,
457,https://yocket.in/profiles/Mounilshah,
458,https://yocket.in/profiles/aashoo4,
459,https://yocket.in/profiles/viraldoshi,
460,https://yocket.in/profiles/Eva,
461,https://yocket.in/profiles/Jhatak-Majmudar,
462,https://yocket.in/profiles/siddh03,
463,https://yocket.in/profiles/siddh03,
464,https://yocket.in/profiles/Shreya712,
465,https://yocket.in/profiles/Apurva N,
466,https://yocket.in/profiles/amit_b,
467,https://yocket.in/profiles/svnykmr,
468,https://yocket.in/profiles/kevin1307,
469,https://yocket.in/profiles/Rishi Jatania,
470,https://yocket.in/profiles/akhil1234567,
471,https://yocket.in/profiles/Arihant,
472,https://yocket.in/profiles/jimpy93,
473,https://yocket.in/profiles/prashukajmera,
474,https://yocket.in/profiles/abhilasha-lok,
475,https://yocket.in/profiles/kharshal,
476,https://yocket.in/profiles/utsav09,
477,https://yocket.in/profiles/Dikshali,
478,https://yocket.in/profiles/ups,
479,https://yocket.in/profiles/adhish70,
480,https://yocket.in/profiles/Purva13,
481,https://yocket.in/profiles/aak7ash,
482,https://yocket.in/profiles/vjganesh77,
483,https://yocket.in/profiles/PrajwalM,
484,https://yocket.in/profiles/PrajwalM,
485,https://yocket.in/profiles/sowrabh95,
486,https://yocket.in/profiles/Animesh-,
487,https://yocket.in/profiles/SouradeepB,
488,https://yocket.in/profiles/aayushshah96,
489,https://yocket.in/profiles/mokimoni,
490,https://yocket.in/profiles/sanika11,
491,https://yocket.in/profiles/karanpah,
492,https://yocket.in/profiles/Kushal20,
493,https://yocket.in/profiles/Nishit Mehta,
494,https://yocket.in/profiles/kishan D,
495,https://yocket.in/profiles/harshR,
496,https://yocket.in/profiles/sonakotak,
497,https://yocket.in/profiles/shreyassbk,
498,https://yocket.in/profiles/NessaPinto,
499,https://yocket.in/profiles/Sidhuhari,
500,https://yocket.in/profiles/msajidirfan,
501,https://yocket.in/profiles/Shravan9207,
502,https://yocket.in/profiles/chandanarao,
503,https://yocket.in/profiles/TusharDahibhate,
504,https://yocket.in/profiles/Landgeditya,
505,https://yocket.in/profiles/Landgeditya,
506,https://yocket.in/profiles/gkrocks,
507,https://yocket.in/profiles/shen,
508,https://yocket.in/profiles/barbie123,
509,https://yocket.in/profiles/harshacisco,
510,https://yocket.in/profiles/Ash-007,
511,https://yocket.in/profiles/kishorpava,
512,https://yocket.in/profiles/kedarharry,
513,https://yocket.in/profiles/RedRohit,
514,https://yocket.in/profiles/jatinb,
515,https://yocket.in/profiles/teja123456,
516,https://yocket.in/profiles/roshnir,
517,https://yocket.in/profiles/dilishanaidu,
518,https://yocket.in/profiles/ramyasruthi96,
519,https://yocket.in/profiles/kaviya,
520,https://yocket.in/profiles/vaibhavid,
521,https://yocket.in/profiles/Agam,
522,https://yocket.in/profiles/SourabhPardeshi,
523,https://yocket.in/profiles/dbr,
524,https://yocket.in/profiles/ejmath12,
525,https://yocket.in/profiles/Manju Karthik,
526,https://yocket.in/profiles/Manju Karthik,
527,https://yocket.in/profiles/rexijio,
528,https://yocket.in/profiles/Aishwarya Paraspatki,
529,https://yocket.in/profiles/stormtr00per,
530,https://yocket.in/profiles/ratnesh,
531,https://yocket.in/profiles/savya16,
532,https://yocket.in/profiles/murtaza666,
533,https://yocket.in/profiles/JustAGirl,
534,https://yocket.in/profiles/nitishtandon,
535,https://yocket.in/profiles/sshet,
536,https://yocket.in/profiles/Shanks69,
537,https://yocket.in/profiles/linpar,
538,https://yocket.in/profiles/akki567,
539,https://yocket.in/profiles/flash1312,
540,https://yocket.in/profiles/seed,
541,https://yocket.in/profiles/Mounilshah,
542,https://yocket.in/profiles/aashoo4,
543,https://yocket.in/profiles/viraldoshi,
544,https://yocket.in/profiles/Eva,
545,https://yocket.in/profiles/Jhatak-Majmudar,
546,https://yocket.in/profiles/siddh03,
547,https://yocket.in/profiles/siddh03,
548,https://yocket.in/profiles/Shreya712,
549,https://yocket.in/profiles/Apurva N,
550,https://yocket.in/profiles/amit_b,
551,https://yocket.in/profiles/svnykmr,
552,https://yocket.in/profiles/kevin1307,
553,https://yocket.in/profiles/Rishi Jatania,
554,https://yocket.in/profiles/akhil1234567,
555,https://yocket.in/profiles/Arihant,
556,https://yocket.in/profiles/jimpy93,
557,https://yocket.in/profiles/prashukajmera,
558,https://yocket.in/profiles/abhilasha-lok,
559,https://yocket.in/profiles/kharshal,
560,https://yocket.in/profiles/utsav09,
561,https://yocket.in/profiles/Dikshali,
562,https://yocket.in/profiles/ups,
563,https://yocket.in/profiles/adhish70,
564,https://yocket.in/profiles/Purva13,
565,https://yocket.in/profiles/aak7ash,
566,https://yocket.in/profiles/vjganesh77,
567,https://yocket.in/profiles/Nit29ait,
568,https://yocket.in/profiles/Nit29ait,
569,https://yocket.in/profiles/Nitish2910,
570,https://yocket.in/profiles/divyansh93,
571,https://yocket.in/profiles/Manish0338,
572,https://yocket.in/profiles/Neel18,
573,https://yocket.in/profiles/abhi69,
574,https://yocket.in/profiles/archit14696,
575,https://yocket.in/profiles/shravsidol,
576,https://yocket.in/profiles/ebullient creed,
577,https://yocket.in/profiles/aniket pathak,
578,https://yocket.in/profiles/bhaumik156,
579,https://yocket.in/profiles/sravankumar1,
580,https://yocket.in/profiles/maverix,
581,https://yocket.in/profiles/AkshayJ,
582,https://yocket.in/profiles/devinadhuri,
583,https://yocket.in/profiles/Rugved Darwhekar,
584,https://yocket.in/profiles/Jayanthks,
585,https://yocket.in/profiles/Roshini Chakrapani,
586,https://yocket.in/profiles/rgkannan,
587,https://yocket.in/profiles/Kaneki,
588,https://yocket.in/profiles/Riyuuu,
589,https://yocket.in/profiles/Riyuuu,
590,https://yocket.in/profiles/MihirHindocha ,
591,https://yocket.in/profiles/Aacharyakaushik ,
592,https://yocket.in/profiles/CrazyJ,
593,https://yocket.in/profiles/meet007,
594,https://yocket.in/profiles/sampath81293,
595,https://yocket.in/profiles/Nykita,
596,https://yocket.in/profiles/rp1247,
597,https://yocket.in/profiles/ChinmayLad,
598,https://yocket.in/profiles/sln1396,
599,https://yocket.in/profiles/Suyash906,
600,https://yocket.in/profiles/akhilsai25,
601,https://yocket.in/profiles/DarkKnight5677,
602,https://yocket.in/profiles/jeet21,
603,https://yocket.in/profiles/shwetakhade,
604,https://yocket.in/profiles/James23,
605,https://yocket.in/profiles/SnehaPalepu,
606,https://yocket.in/profiles/roopkishore,
607,https://yocket.in/profiles/SwetaC,
608,https://yocket.in/profiles/Sainathreddy203,
609,https://yocket.in/profiles/Dhruvarora,
610,https://yocket.in/profiles/Dhruvarora,
611,https://yocket.in/profiles/RahulGuna,
612,https://yocket.in/profiles/sgupta046,
613,https://yocket.in/profiles/karthi2996,
614,https://yocket.in/profiles/nehasprasad,
615,https://yocket.in/profiles/ksha,
616,https://yocket.in/profiles/adityasharma,
617,https://yocket.in/profiles/Abhedya,
618,https://yocket.in/profiles/Madhu21,
619,https://yocket.in/profiles/Digantj,
620,https://yocket.in/profiles/sanjayyyyyy,
621,https://yocket.in/profiles/Amit710,
622,https://yocket.in/profiles/guptaaditya18,
623,https://yocket.in/profiles/darshandagly,
624,https://yocket.in/profiles/Abhay51,
625,https://yocket.in/profiles/anmolrbora,
626,https://yocket.in/profiles/prdeva,
627,https://yocket.in/profiles/sush50,
628,https://yocket.in/profiles/chirag25,
629,https://yocket.in/profiles/KaranSaxena,
630,https://yocket.in/profiles/jainsakshi22,
631,https://yocket.in/profiles/jainsakshi22,
632,https://yocket.in/profiles/apurba,
633,https://yocket.in/profiles/extraron,
634,https://yocket.in/profiles/prash041,
635,https://yocket.in/profiles/rohanalli,
636,https://yocket.in/profiles/ms25,
637,https://yocket.in/profiles/pateljay134,
638,https://yocket.in/profiles/raunakvijan,
639,https://yocket.in/profiles/Viv-Sagar,
640,https://yocket.in/profiles/priydb,
641,https://yocket.in/profiles/shruti12,
642,https://yocket.in/profiles/Kackar,
643,https://yocket.in/profiles/frenys,
644,https://yocket.in/profiles/karwavishvesh,
645,https://yocket.in/profiles/Aashay Kedar,
646,https://yocket.in/profiles/ankur55,
647,https://yocket.in/profiles/ShashankSM,
648,https://yocket.in/profiles/Sarvesh Parab,
649,https://yocket.in/profiles/dixithemant,
650,https://yocket.in/profiles/Saifil Maknojia,
651,https://yocket.in/profiles/GauthKris,
652,https://yocket.in/profiles/GauthKris,
653,https://yocket.in/profiles/MohanR96,
654,https://yocket.in/profiles/chintant94,
655,https://yocket.in/profiles/rishabhS,
656,https://yocket.in/profiles/Kunalp,
657,https://yocket.in/profiles/Diksha Thakur,
658,https://yocket.in/profiles/jboy,
659,https://yocket.in/profiles/helish29,
660,https://yocket.in/profiles/srujan96,
661,https://yocket.in/profiles/Sample273,
662,https://yocket.in/profiles/saypatil12345,
663,https://yocket.in/profiles/subiaansari,
664,https://yocket.in/profiles/gussa3,
665,https://yocket.in/profiles/surmeet ,
666,https://yocket.in/profiles/yashKamdar,
667,https://yocket.in/profiles/nikhilkamat2,
668,https://yocket.in/profiles/sahilsood,
669,https://yocket.in/profiles/maharsh312,
670,https://yocket.in/profiles/deep3,
671,https://yocket.in/profiles/swaps95shah,
672,https://yocket.in/profiles/dbnjna,
673,https://yocket.in/profiles/dbnjna,
674,https://yocket.in/profiles/Pravallika02,
675,https://yocket.in/profiles/dollar19,
676,https://yocket.in/profiles/rajas27,
677,https://yocket.in/profiles/buttercup24,
678,https://yocket.in/profiles/RohanG93,
679,https://yocket.in/profiles/prit2596,
680,https://yocket.in/profiles/souradeepdev,
681,https://yocket.in/profiles/Nikhil-1,
682,https://yocket.in/profiles/piyushkothari,
683,https://yocket.in/profiles/aseemt,
684,https://yocket.in/profiles/Dhruv16,
685,https://yocket.in/profiles/Moniyo,
686,https://yocket.in/profiles/UtSingh,
687,https://yocket.in/profiles/meakshit,
688,https://yocket.in/profiles/Rithish,
689,https://yocket.in/profiles/vribhor,
690,https://yocket.in/profiles/RajatThosar,
691,https://yocket.in/profiles/alpha2408,
692,https://yocket.in/profiles/kbkotian,
693,https://yocket.in/profiles/Dhrumil7,
694,https://yocket.in/profiles/Dhrumil7,
695,https://yocket.in/profiles/psayali,
696,https://yocket.in/profiles/prashant_mahajan,
697,https://yocket.in/profiles/shubham02,
698,https://yocket.in/profiles/amanbhayana93,
699,https://yocket.in/profiles/aayushARM,
700,https://yocket.in/profiles/Srikumar R,
701,https://yocket.in/profiles/anubhav2020,
702,https://yocket.in/profiles/sanket111,
703,https://yocket.in/profiles/Ract,
704,https://yocket.in/profiles/rmihir96,
705,https://yocket.in/profiles/nikhiladwarakanath,
706,https://yocket.in/profiles/Sid918,
707,https://yocket.in/profiles/prachit,
708,https://yocket.in/profiles/sdhawal2k8,
709,https://yocket.in/profiles/nirup96,
710,https://yocket.in/profiles/amalsony03,
711,https://yocket.in/profiles/Archie1,
712,https://yocket.in/profiles/likarajo,
713,https://yocket.in/profiles/pnm1996,
714,https://yocket.in/profiles/Shashank0011,
715,https://yocket.in/profiles/Shashank0011,
716,https://yocket.in/profiles/Ashrith15,
717,https://yocket.in/profiles/Jaising,
718,https://yocket.in/profiles/aviral2cover,
719,https://yocket.in/profiles/Nisheet,
720,https://yocket.in/profiles/Riks28,
721,https://yocket.in/profiles/Rahul-Sethi,
722,https://yocket.in/profiles/Darshilpk,
723,https://yocket.in/profiles/UwiseMohamed,
724,https://yocket.in/profiles/BalthazaarBlake,
725,https://yocket.in/profiles/msaspirant93,
726,https://yocket.in/profiles/samarth7,
727,https://yocket.in/profiles/manishdutta,
728,https://yocket.in/profiles/kirthikasimi,
729,https://yocket.in/profiles/SPavani,
730,https://yocket.in/profiles/socketvar,
731,https://yocket.in/profiles/ashwanityagi,
732,https://yocket.in/profiles/HARIPRIYAyeddula,
733,https://yocket.in/profiles/Dipesh93,
734,https://yocket.in/profiles/Nidhi Harwani,
735,https://yocket.in/profiles/h4k3r,
736,https://yocket.in/profiles/h4k3r,
737,https://yocket.in/profiles/MS PRAVEEN,
738,https://yocket.in/profiles/Rijul1,
739,https://yocket.in/profiles/Sam59603,
740,https://yocket.in/profiles/omkarthorat,
741,https://yocket.in/profiles/kshitijg,
742,https://yocket.in/profiles/NimitJohri,
743,https://yocket.in/profiles/shivam529,
744,https://yocket.in/profiles/karthikrs18,
745,https://yocket.in/profiles/anju94,
746,https://yocket.in/profiles/SurajMhetre,
747,https://yocket.in/profiles/yash1996,
748,https://yocket.in/profiles/sammy14,
749,https://yocket.in/profiles/parthmeht,
750,https://yocket.in/profiles/arajijo,
751,https://yocket.in/profiles/kritikm,
752,https://yocket.in/profiles/rahulkhanna2,
753,https://yocket.in/profiles/Upmanyu,
754,https://yocket.in/profiles/Saikrishna96,
755,https://yocket.in/profiles/G42,
756,https://yocket.in/profiles/SidMishra,
757,https://yocket.in/profiles/SidMishra,
758,https://yocket.in/profiles/HarryR,
759,https://yocket.in/profiles/Saumil0257,
760,https://yocket.in/profiles/binit9896,
761,https://yocket.in/profiles/inchara1,
762,https://yocket.in/profiles/insansuraj,
763,https://yocket.in/profiles/avinash9420,
764,https://yocket.in/profiles/Jeetg317,
765,https://yocket.in/profiles/Darsh1894,
766,https://yocket.in/profiles/huma,
767,https://yocket.in/profiles/Pri18,
768,https://yocket.in/profiles/sm9nk,
769,https://yocket.in/profiles/pratima03,
770,https://yocket.in/profiles/msrock21,
771,https://yocket.in/profiles/Mathan117,
772,https://yocket.in/profiles/shaunak11,
773,https://yocket.in/profiles/ronacherian,
774,https://yocket.in/profiles/RAJKUMAR-PILLAI,
775,https://yocket.in/profiles/Ashboy,
776,https://yocket.in/profiles/adarshkumarpavani,
777,https://yocket.in/profiles/rakshitpithadia,
778,https://yocket.in/profiles/rakshitpithadia,
779,https://yocket.in/profiles/pratikgaglani,
780,https://yocket.in/profiles/stormgirlCastlesword,
781,https://yocket.in/profiles/manish5593,
782,https://yocket.in/profiles/akki2323,
783,https://yocket.in/profiles/sharan993,
784,https://yocket.in/profiles/chethan007,
785,https://yocket.in/profiles/harshk17,
786,https://yocket.in/profiles/sidrao94,
787,https://yocket.in/profiles/ra5ika,
788,https://yocket.in/profiles/Narendra86,
789,https://yocket.in/profiles/Aky,
790,https://yocket.in/profiles/jaykay17,
791,https://yocket.in/profiles/murtazakhambaty202atgmail.com,
792,https://yocket.in/profiles/shanu32,
793,https://yocket.in/profiles/SaketRelan,
794,https://yocket.in/profiles/ani3093,
795,https://yocket.in/profiles/deepika18,
796,https://yocket.in/profiles/Supriya28,
797,https://yocket.in/profiles/rashidar,
798,https://yocket.in/profiles/james5431,
799,https://yocket.in/profiles/james5431,
800,https://yocket.in/profiles/hrishicool,
801,https://yocket.in/profiles/ralph,
802,https://yocket.in/profiles/sushruth91,
803,https://yocket.in/profiles/jaimin199996,
804,https://yocket.in/profiles/brijesh099,
805,https://yocket.in/profiles/Sadhuu,
806,https://yocket.in/profiles/Aparana,
807,https://yocket.in/profiles/Vikas Singh,
808,https://yocket.in/profiles/patvik,
809,https://yocket.in/profiles/zee7,
810,https://yocket.in/profiles/Abhishek-1709,
811,https://yocket.in/profiles/tg,
812,https://yocket.in/profiles/tejakantamneni,
813,https://yocket.in/profiles/Shivii,
814,https://yocket.in/profiles/ramgopal8,
815,https://yocket.in/profiles/Prerna05,
816,https://yocket.in/profiles/deeps19510,
817,https://yocket.in/profiles/ambiDextrous,
818,https://yocket.in/profiles/Shra,
819,https://yocket.in/profiles/dharmesh,
820,https://yocket.in/profiles/dharmesh,
821,https://yocket.in/profiles/Meghesh,
822,https://yocket.in/profiles/madhu7685,
823,https://yocket.in/profiles/lpprakhar,
824,https://yocket.in/profiles/sachinhegde6,
825,https://yocket.in/profiles/Akshay uppal ,
826,https://yocket.in/profiles/arav1105,
827,https://yocket.in/profiles/suy,
828,https://yocket.in/profiles/Dipankar,
829,https://yocket.in/profiles/saurabhmithe,
830,https://yocket.in/profiles/SaiAksh,
831,https://yocket.in/profiles/Darshan24031993,
832,https://yocket.in/profiles/ak95,
833,https://yocket.in/profiles/adit0503,
834,https://yocket.in/profiles/pratikgare,
835,https://yocket.in/profiles/ShankyDoodle,
836,https://yocket.in/profiles/mani03,
837,https://yocket.in/profiles/achanta1995,
838,https://yocket.in/profiles/anj13,
839,https://yocket.in/profiles/deep206,
840,https://yocket.in/profiles/bhawanaw,
841,https://yocket.in/profiles/bhawanaw,
842,https://yocket.in/profiles/hamza-mirza,
843,https://yocket.in/profiles/jyotir10,
844,https://yocket.in/profiles/Wade ,
845,https://yocket.in/profiles/Himani24,
846,https://yocket.in/profiles/Amol04,
847,https://yocket.in/profiles/Nishii,
848,https://yocket.in/profiles/arunkse2,
849,https://yocket.in/profiles/aditinayak01,
850,https://yocket.in/profiles/HBT,
851,https://yocket.in/profiles/Ankit S,
852,https://yocket.in/profiles/SURYANSHU123,
853,https://yocket.in/profiles/rakhils,
854,https://yocket.in/profiles/suchetha77,
855,https://yocket.in/profiles/Santhoshsandy,
856,https://yocket.in/profiles/Nikhil-Reddy,
857,https://yocket.in/profiles/nevosial,
858,https://yocket.in/profiles/tronak19,
859,https://yocket.in/profiles/ayanagrawal,
860,https://yocket.in/profiles/Nirav51,
861,https://yocket.in/profiles/sanchan777,
862,https://yocket.in/profiles/sanchan777,
863,https://yocket.in/profiles/rrohit,
864,https://yocket.in/profiles/Praveer,
865,https://yocket.in/profiles/s_abhi09,
866,https://yocket.in/profiles/dinesh099,
867,https://yocket.in/profiles/Rkv,
868,https://yocket.in/profiles/Ayyanchira,
869,https://yocket.in/profiles/AJ16,
870,https://yocket.in/profiles/PrajwalGadad,
871,https://yocket.in/profiles/twisha95,
872,https://yocket.in/profiles/vani23,
873,https://yocket.in/profiles/anurag3110,
874,https://yocket.in/profiles/adi2305,
875,https://yocket.in/profiles/ronak132,
876,https://yocket.in/profiles/Darp94,
877,https://yocket.in/profiles/TusharGK,
878,https://yocket.in/profiles/MD7CR7,
879,https://yocket.in/profiles/Intekhab,
880,https://yocket.in/profiles/MayuriK,
881,https://yocket.in/profiles/inkballpen,
882,https://yocket.in/profiles/vishparekh,
883,https://yocket.in/profiles/vishparekh,
884,https://yocket.in/profiles/sush92,
885,https://yocket.in/profiles/hardikrj,
886,https://yocket.in/profiles/ankush1612,
887,https://yocket.in/profiles/YocketGuy,
888,https://yocket.in/profiles/nikita1994,
889,https://yocket.in/profiles/harshan,
890,https://yocket.in/profiles/manpkaur,
891,https://yocket.in/profiles/Namita,
892,https://yocket.in/profiles/pranavsdixit,
893,https://yocket.in/profiles/Shivang711,
894,https://yocket.in/profiles/Raam2893,
895,https://yocket.in/profiles/gauti11,
896,https://yocket.in/profiles/achhabbi,
897,https://yocket.in/profiles/Rosh1991,
898,https://yocket.in/profiles/AmeyaD,
899,https://yocket.in/profiles/patirasam,
900,https://yocket.in/profiles/jjohn,
901,https://yocket.in/profiles/sandzgold,
902,https://yocket.in/profiles/shubhamp,
903,https://yocket.in/profiles/Subramaniam,
904,https://yocket.in/profiles/Subramaniam,
905,https://yocket.in/profiles/Juggernaut7,
906,https://yocket.in/profiles/Sandeep-R,
907,https://yocket.in/profiles/nishanth-v-a,
908,https://yocket.in/profiles/divyank68,
909,https://yocket.in/profiles/Sandesh 25,
910,https://yocket.in/profiles/jaggil,
911,https://yocket.in/profiles/Arnav Aima,
912,https://yocket.in/profiles/manish26,
913,https://yocket.in/profiles/karanluthra,
914,https://yocket.in/profiles/rovingrohan,
915,https://yocket.in/profiles/PrafulB,
916,https://yocket.in/profiles/Sagggy,
917,https://yocket.in/profiles/vyshnavi nagella,
918,https://yocket.in/profiles/sam008,
919,https://yocket.in/profiles/pulkitm93,
920,https://yocket.in/profiles/Samir321,
921,https://yocket.in/profiles/justraj007,
922,https://yocket.in/profiles/ngpgopi,
923,https://yocket.in/profiles/invisibleninja ,
924,https://yocket.in/profiles/AnjuTalreja,
925,https://yocket.in/profiles/AnjuTalreja,
926,https://yocket.in/profiles/siddharthp93,
927,https://yocket.in/profiles/akshaynakra,
928,https://yocket.in/profiles/rohit.naik246,
929,https://yocket.in/profiles/andy71195,
930,https://yocket.in/profiles/Santwana,
931,https://yocket.in/profiles/stormgirl,
932,https://yocket.in/profiles/sidd.1293,
933,https://yocket.in/profiles/hash1994,
934,https://yocket.in/profiles/4192abhinav,
935,https://yocket.in/profiles/Abhishekvats,
936,https://yocket.in/profiles/Phani9895,
937,https://yocket.in/profiles/sujitha pothiraj ,
938,https://yocket.in/profiles/pratik_17,
939,https://yocket.in/profiles/Srivenkat,
940,https://yocket.in/profiles/Hrishi5,
941,https://yocket.in/profiles/nikhil19kekan,
942,https://yocket.in/profiles/ajinkya2409,
943,https://yocket.in/profiles/sneha sarkar,
944,https://yocket.in/profiles/nitish1924,
945,https://yocket.in/profiles/chintankotadiya,
946,https://yocket.in/profiles/chintankotadiya,
947,https://yocket.in/profiles/vijay8608,
948,https://yocket.in/profiles/kshitijapatil,
949,https://yocket.in/profiles/sahiljohari,
950,https://yocket.in/profiles/nergal-,
951,https://yocket.in/profiles/Sonali02,
952,https://yocket.in/profiles/thesarim1,
953,https://yocket.in/profiles/angad,
954,https://yocket.in/profiles/pranavpks,
955,https://yocket.in/profiles/BluePhantom,
956,https://yocket.in/profiles/rushabhshah,
957,https://yocket.in/profiles/waynejain,
958,https://yocket.in/profiles/harisha22,
959,https://yocket.in/profiles/flashkicker,
960,https://yocket.in/profiles/Coutinho,
961,https://yocket.in/profiles/Anup Dasari,
962,https://yocket.in/profiles/Asit08,
963,https://yocket.in/profiles/GP1234,
964,https://yocket.in/profiles/akshayasivakumar,
965,https://yocket.in/profiles/Sidduu,
966,https://yocket.in/profiles/vasanthpandia,
967,https://yocket.in/profiles/vasanthpandia,
968,https://yocket.in/profiles/MonaliBalani,
969,https://yocket.in/profiles/psp650,
970,https://yocket.in/profiles/Darshil92,
971,https://yocket.in/profiles/Paige,
972,https://yocket.in/profiles/archit1992,
973,https://yocket.in/profiles/reemasinghal,
974,https://yocket.in/profiles/Rimsha,
975,https://yocket.in/profiles/skater7,
976,https://yocket.in/profiles/PratikB,
977,https://yocket.in/profiles/sharathn29,
978,https://yocket.in/profiles/wap,
979,https://yocket.in/profiles/Malku,
980,https://yocket.in/profiles/9211harshit,
981,https://yocket.in/profiles/BhushanNewalkar,
982,https://yocket.in/profiles/sandeshks,
983,https://yocket.in/profiles/darshil,
984,https://yocket.in/profiles/deepthipr,
985,https://yocket.in/profiles/pgonarkar,
986,https://yocket.in/profiles/anu2402,
987,https://yocket.in/profiles/Apuu007,
988,https://yocket.in/profiles/Apuu007,
989,https://yocket.in/profiles/coolnikrox92,
990,https://yocket.in/profiles/armande,
991,https://yocket.in/profiles/Jinal1,
992,https://yocket.in/profiles/vaibhavsnaik09,
993,https://yocket.in/profiles/SaurabhPakhare,
994,https://yocket.in/profiles/Jinansh94,
995,https://yocket.in/profiles/aditi singhai,
996,https://yocket.in/profiles/amit-ja,
997,https://yocket.in/profiles/surya9,
998,https://yocket.in/profiles/span,
999,https://yocket.in/profiles/Reddy9,
1000,https://yocket.in/profiles/SPanse,
1001,https://yocket.in/profiles/Heramb,
1002,https://yocket.in/profiles/Herick ,
1003,https://yocket.in/profiles/Rajeshri,
1004,https://yocket.in/profiles/SaurabhSingh,
1005,https://yocket.in/profiles/Tejaspanchal,
1006,https://yocket.in/profiles/abhiravi95,
1007,https://yocket.in/profiles/Faizaan ,
1008,https://yocket.in/profiles/kartikn,
1009,https://yocket.in/profiles/kartikn,
1010,https://yocket.in/profiles/Racs6361,
1011,https://yocket.in/profiles/niksp30,
1012,https://yocket.in/profiles/tintoanto,
1013,https://yocket.in/profiles/Varad ,
1014,https://yocket.in/profiles/Pree92,
1015,https://yocket.in/profiles/srujan b,
1016,https://yocket.in/profiles/Rev,
1017,https://yocket.in/profiles/sanjay23,
1018,https://yocket.in/profiles/anuj12,
1019,https://yocket.in/profiles/champ123,
1020,https://yocket.in/profiles/ackrameez,
1021,https://yocket.in/profiles/mehul1811,
1022,https://yocket.in/profiles/Rockarolla,
1023,https://yocket.in/profiles/Miraz,
1024,https://yocket.in/profiles/anuradha126,
1025,https://yocket.in/profiles/rpathak,
1026,https://yocket.in/profiles/Siddhant10,
1027,https://yocket.in/profiles/PrajwalS,
1028,https://yocket.in/profiles/shivsj1402,
1029,https://yocket.in/profiles/Pooja95,
1030,https://yocket.in/profiles/Pooja95,
1031,https://yocket.in/profiles/Chanchal,
1032,https://yocket.in/profiles/Bunti-,
1033,https://yocket.in/profiles/sandeshpatnurkar,
1034,https://yocket.in/profiles/hemanth2934,
1035,https://yocket.in/profiles/Maitri,
1036,https://yocket.in/profiles/yashvora93,
1037,https://yocket.in/profiles/Akhil55,
1038,https://yocket.in/profiles/koundinya92,
1039,https://yocket.in/profiles/siddharth1o4n,
1040,https://yocket.in/profiles/satramanan321,
1041,https://yocket.in/profiles/sud1359,
1042,https://yocket.in/profiles/kksarath,
1043,https://yocket.in/profiles/vishesh441,
1044,https://yocket.in/profiles/Hardy,
1045,https://yocket.in/profiles/nachiw,
1046,https://yocket.in/profiles/yashtare,
1047,https://yocket.in/profiles/prasadkrn,
1048,https://yocket.in/profiles/Gandhali,
1049,https://yocket.in/profiles/ajaytv,
1050,https://yocket.in/profiles/moni ,
1051,https://yocket.in/profiles/moni ,
1052,https://yocket.in/profiles/kashyap9157,
1053,https://yocket.in/profiles/rajeshm1993,
1054,https://yocket.in/profiles/kabira,
1055,https://yocket.in/profiles/Malavika,
1056,https://yocket.in/profiles/hakimsep04,
1057,https://yocket.in/profiles/shreyas0027,
1058,https://yocket.in/profiles/ron1989,
1059,https://yocket.in/profiles/Dhananjay Gupta ,
1060,https://yocket.in/profiles/BinoyS,
1061,https://yocket.in/profiles/shivani185,
1062,https://yocket.in/profiles/bhagatsanch,
1063,https://yocket.in/profiles/anant18,
1064,https://yocket.in/profiles/ammu12,
1065,https://yocket.in/profiles/koushal,
1066,https://yocket.in/profiles/Akreddy,
1067,https://yocket.in/profiles/SaumitraM,
1068,https://yocket.in/profiles/milind747,
1069,https://yocket.in/profiles/gogcool123,
1070,https://yocket.in/profiles/Deepak154,
1071,https://yocket.in/profiles/Kruneet,
1072,https://yocket.in/profiles/Kruneet,
1073,https://yocket.in/profiles/AnushaN,
1074,https://yocket.in/profiles/whizneel,
1075,https://yocket.in/profiles/mannusanghi,
1076,https://yocket.in/profiles/vishaalshirsat,
1077,https://yocket.in/profiles/Jaydesai,
1078,https://yocket.in/profiles/gpareek120,
1079,https://yocket.in/profiles/HungryPanda,
1080,https://yocket.in/profiles/ganeshmannamal,
1081,https://yocket.in/profiles/asachin96,
1082,https://yocket.in/profiles/Nomaan,
1083,https://yocket.in/profiles/priyanka66,
1084,https://yocket.in/profiles/Allen,
1085,https://yocket.in/profiles/Rahulk,
1086,https://yocket.in/profiles/rajn,
1087,https://yocket.in/profiles/Czar,
1088,https://yocket.in/profiles/AkashRai,
1089,https://yocket.in/profiles/missangelpearl,
1090,https://yocket.in/profiles/Pratik Surana,
1091,https://yocket.in/profiles/DeepikaRajani,
1092,https://yocket.in/profiles/Angad9,
1093,https://yocket.in/profiles/Angad9,
1094,https://yocket.in/profiles/Akash0511,
1095,https://yocket.in/profiles/Master123World,
1096,https://yocket.in/profiles/shubhampandey,
1097,https://yocket.in/profiles/Shuvrajit,
1098,https://yocket.in/profiles/Kitty1,
1099,https://yocket.in/profiles/Piyush Bajaj ,
1100,https://yocket.in/profiles/Arv101,
1101,https://yocket.in/profiles/Shivani1995,
1102,https://yocket.in/profiles/priyankajain,
1103,https://yocket.in/profiles/chalie,
1104,https://yocket.in/profiles/Smkh,
1105,https://yocket.in/profiles/chinmay2312,
1106,https://yocket.in/profiles/dseccf,
1107,https://yocket.in/profiles/yogesh2209,
1108,https://yocket.in/profiles/mohitk13,
1109,https://yocket.in/profiles/mittal,
1110,https://yocket.in/profiles/Khushu,
1111,https://yocket.in/profiles/Shreya95,
1112,https://yocket.in/profiles/vijay91,
1113,https://yocket.in/profiles/shivachawala,
1114,https://yocket.in/profiles/shivachawala,
1115,https://yocket.in/profiles/BalliSingh,
1116,https://yocket.in/profiles/sneha2302,
1117,https://yocket.in/profiles/shahkevaln,
1118,https://yocket.in/profiles/harsh5296,
1119,https://yocket.in/profiles/svishu,
1120,https://yocket.in/profiles/KrishnaMaradapu,
1121,https://yocket.in/profiles/asversatile,
1122,https://yocket.in/profiles/Archit,
1123,https://yocket.in/profiles/Nikhil-yocket-123,
1124,https://yocket.in/profiles/Pauli512,
1125,https://yocket.in/profiles/harish4795,
1126,https://yocket.in/profiles/gogol90,
1127,https://yocket.in/profiles/snehashankar,
1128,https://yocket.in/profiles/moitgoyal,
1129,https://yocket.in/profiles/s4shyam95,
1130,https://yocket.in/profiles/nikhilat271092,
1131,https://yocket.in/profiles/arju,
1132,https://yocket.in/profiles/sonichirag1995,
1133,https://yocket.in/profiles/sunny01,
1134,https://yocket.in/profiles/akshay_v,
1135,https://yocket.in/profiles/akshay_v,
1136,https://yocket.in/profiles/Vaibhav008,
1137,https://yocket.in/profiles/adityapune,
1138,https://yocket.in/profiles/NidhiP,
1139,https://yocket.in/profiles/Rohan7477,
1140,https://yocket.in/profiles/ssk_14,
1141,https://yocket.in/profiles/jaiman,
1142,https://yocket.in/profiles/SANDYK98,
1143,https://yocket.in/profiles/pakaur,
1144,https://yocket.in/profiles/achilli3st,
1145,https://yocket.in/profiles/rnsrishi,
1146,https://yocket.in/profiles/Saranre,
1147,https://yocket.in/profiles/Pranay Reddy,
1148,https://yocket.in/profiles/Dharak,
1149,https://yocket.in/profiles/Shalom,
1150,https://yocket.in/profiles/advr93,
1151,https://yocket.in/profiles/Devsarda,
1152,https://yocket.in/profiles/piyu007,
1153,https://yocket.in/profiles/urvi patel,
1154,https://yocket.in/profiles/tejas09,
1155,https://yocket.in/profiles/Raviteja Gupta,
1156,https://yocket.in/profiles/Raviteja Gupta,
1157,https://yocket.in/profiles/dhavalsalwala,
1158,https://yocket.in/profiles/pavan168,
1159,https://yocket.in/profiles/praneethg26,
1160,https://yocket.in/profiles/saaiviswanath,
1161,https://yocket.in/profiles/vinu0404,
1162,https://yocket.in/profiles/afsangujarati,
1163,https://yocket.in/profiles/inscrutable,
1164,https://yocket.in/profiles/siddakid007,
1165,https://yocket.in/profiles/doorknob88,
1166,https://yocket.in/profiles/saik,
1167,https://yocket.in/profiles/vishalk,
1168,https://yocket.in/profiles/Shrinivas,
1169,https://yocket.in/profiles/Maulik06,
1170,https://yocket.in/profiles/avatik,
1171,https://yocket.in/profiles/aty,
1172,https://yocket.in/profiles/varun12345,
1173,https://yocket.in/profiles/pradnesh07,
1174,https://yocket.in/profiles/jaykothary,
1175,https://yocket.in/profiles/rhabhishek,
1176,https://yocket.in/profiles/satvik123,
1177,https://yocket.in/profiles/satvik123,
1178,https://yocket.in/profiles/tanksali,
1179,https://yocket.in/profiles/suri97,
1180,https://yocket.in/profiles/Tamanna,
1181,https://yocket.in/profiles/pranjalkarankar,
1182,https://yocket.in/profiles/sam1,
1183,https://yocket.in/profiles/Jayalakshmi,
1184,https://yocket.in/profiles/anuj1508,
1185,https://yocket.in/profiles/anshulbhasin,
1186,https://yocket.in/profiles/mskrayudu9,
1187,https://yocket.in/profiles/Anusha4,
1188,https://yocket.in/profiles/jshah33,
1189,https://yocket.in/profiles/saurabh.m1205,
1190,https://yocket.in/profiles/billy,
1191,https://yocket.in/profiles/gayub2w,
1192,https://yocket.in/profiles/vutsal,
1193,https://yocket.in/profiles/aditishetty,
1194,https://yocket.in/profiles/yogeshoza,
1195,https://yocket.in/profiles/girijasg,
1196,https://yocket.in/profiles/Bhavya,
1197,https://yocket.in/profiles/indrajit.schumacher,
1198,https://yocket.in/profiles/indrajit.schumacher,
1199,https://yocket.in/profiles/Redkiller,
1200,https://yocket.in/profiles/sssaaa08,
1201,https://yocket.in/profiles/shashankshaw,
1202,https://yocket.in/profiles/paranjit,
1203,https://yocket.in/profiles/anuragb,
1204,https://yocket.in/profiles/prashant42,
1205,https://yocket.in/profiles/Shardul,
1206,https://yocket.in/profiles/ronak11,
1207,https://yocket.in/profiles/Mohit-Ak,
1208,https://yocket.in/profiles/ayushk,
1209,https://yocket.in/profiles/sragsree,
1210,https://yocket.in/profiles/abishekrathan,
1211,https://yocket.in/profiles/shashankpawar18,
1212,https://yocket.in/profiles/vyom1911,
1213,https://yocket.in/profiles/AnjaniBajaj,
1214,https://yocket.in/profiles/datachand123,
1215,https://yocket.in/profiles/mysteriousmeenal,
1216,https://yocket.in/profiles/dhondiyal,
1217,https://yocket.in/profiles/tomkariath,
1218,https://yocket.in/profiles/diabloallica,
1219,https://yocket.in/profiles/diabloallica,
1220,https://yocket.in/profiles/Sktito92,
1221,https://yocket.in/profiles/hardikpunjabi,
1222,https://yocket.in/profiles/nigamnaina14,
1223,https://yocket.in/profiles/deepak06,
1224,https://yocket.in/profiles/vipinjose90,
1225,https://yocket.in/profiles/octivision,
1226,https://yocket.in/profiles/rohit.sharma26,
1227,https://yocket.in/profiles/petejoshi,
1228,https://yocket.in/profiles/vineet2101,
1229,https://yocket.in/profiles/mjdivyesh,
1230,https://yocket.in/profiles/shahmanan445,
1231,https://yocket.in/profiles/shreyas342,
1232,https://yocket.in/profiles/joetom,
1233,https://yocket.in/profiles/naveenrkv,
1234,https://yocket.in/profiles/Saurabh23,
1235,https://yocket.in/profiles/hardikchheda13,
1236,https://yocket.in/profiles/nikhil2112,
1237,https://yocket.in/profiles/mayur24,
1238,https://yocket.in/profiles/akki07,
1239,https://yocket.in/profiles/rohitoptimus7,
1240,https://yocket.in/profiles/rohitoptimus7,
1241,https://yocket.in/profiles/fuzailm1,
1242,https://yocket.in/profiles/vamsigovind,
1243,https://yocket.in/profiles/rajeev22,
1244,https://yocket.in/profiles/shadwstalker,
1245,https://yocket.in/profiles/manasvi22,
1246,https://yocket.in/profiles/Haril,
1247,https://yocket.in/profiles/paras_bansal,
1248,https://yocket.in/profiles/blarkj,
1249,https://yocket.in/profiles/jankikansara94,
1250,https://yocket.in/profiles/stephenpaul2727,
1251,https://yocket.in/profiles/Jyothsna,
1252,https://yocket.in/profiles/shahniyati1,
1253,https://yocket.in/profiles/sheesh1990,
1254,https://yocket.in/profiles/prerit2803,
1255,https://yocket.in/profiles/achal30,
1256,https://yocket.in/profiles/jahnavim,
1257,https://yocket.in/profiles/Laksh,
1258,https://yocket.in/profiles/ajinkya.d,
1259,https://yocket.in/profiles/vicky23,
1260,https://yocket.in/profiles/rigved93,
1261,https://yocket.in/profiles/rigved93,
1262,https://yocket.in/profiles/chugh,
1263,https://yocket.in/profiles/9975084353,
1264,https://yocket.in/profiles/praneethmv17,
1265,https://yocket.in/profiles/rash.sinha22,
1266,https://yocket.in/profiles/NeerajF,
1267,https://yocket.in/profiles/madhurima,
1268,https://yocket.in/profiles/rajatsomani1310,
1269,https://yocket.in/profiles/vineetnayak28,
1270,https://yocket.in/profiles/dani.devarsh,
1271,https://yocket.in/profiles/rohitsr,
1272,https://yocket.in/profiles/jaykhan,
1273,https://yocket.in/profiles/aakritisrivastava20,
1274,https://yocket.in/profiles/tushargarg1812,
1275,https://yocket.in/profiles/kushalkk91,
1276,https://yocket.in/profiles/Riya,
1277,https://yocket.in/profiles/sandy13an,
1278,https://yocket.in/profiles/nikitasaxena08,
1279,https://yocket.in/profiles/akshaypudage,
1280,https://yocket.in/profiles/ayushruchandani,
1281,https://yocket.in/profiles/sudharshankr,
1282,https://yocket.in/profiles/sudharshankr,
1283,https://yocket.in/profiles/v3jain,
1284,https://yocket.in/profiles/pkumar2294,
1285,https://yocket.in/profiles/mango65,
1286,https://yocket.in/profiles/wazzaarvind,
1287,https://yocket.in/profiles/Ani1212,
1288,https://yocket.in/profiles/subbuvenk,
1289,https://yocket.in/profiles/darrylpinto1994,
1290,https://yocket.in/profiles/nehaap,
1291,https://yocket.in/profiles/priyanshi94,
1292,https://yocket.in/profiles/gomathy91,
1293,https://yocket.in/profiles/shreeju.tanna,
1294,https://yocket.in/profiles/rushikvartak,
1295,https://yocket.in/profiles/shekhar00001,
1296,https://yocket.in/profiles/dyadla,
1297,https://yocket.in/profiles/abhishsr,
1298,https://yocket.in/profiles/mytarget,
1299,https://yocket.in/profiles/lihas,
1300,https://yocket.in/profiles/Appu,
1301,https://yocket.in/profiles/santisanchez,
1302,https://yocket.in/profiles/lspandanarao,
1303,https://yocket.in/profiles/lspandanarao,
1304,https://yocket.in/profiles/joel.menezes1995,
1305,https://yocket.in/profiles/Anutha,
1306,https://yocket.in/profiles/abhiram098,
1307,https://yocket.in/profiles/abhishek.zambre,
1308,https://yocket.in/profiles/sg_euphoric,
1309,https://yocket.in/profiles/snj.khatwani,
1310,https://yocket.in/profiles/akash2351,
1311,https://yocket.in/profiles/dee,
1312,https://yocket.in/profiles/vaishnavi.gudur,
1313,https://yocket.in/profiles/aquaman,
1314,https://yocket.in/profiles/kandarkar,
1315,https://yocket.in/profiles/param.mehta59,
1316,https://yocket.in/profiles/siddattri,
1317,https://yocket.in/profiles/mrksayee99,
1318,https://yocket.in/profiles/mohit48,
1319,https://yocket.in/profiles/deepak-addepalli,
1320,https://yocket.in/profiles/kirthim13,
1321,https://yocket.in/profiles/yoyoy,
1322,https://yocket.in/profiles/virajnilakh220,
1323,https://yocket.in/profiles/akshaykamra.stupidsid,
1324,https://yocket.in/profiles/akshaykamra.stupidsid,
1325,https://yocket.in/profiles/ashu1993,
1326,https://yocket.in/profiles/shobhitdutia.stupidsid,
1327,https://yocket.in/profiles/jayshah6494,
1328,https://yocket.in/profiles/new101991,
1329,https://yocket.in/profiles/adarshkumar.stupidsid,
1330,https://yocket.in/profiles/pushkar.stupidsid,
1331,https://yocket.in/profiles/idasin,
1332,https://yocket.in/profiles/the1sameer,
1333,https://yocket.in/profiles/majumdar,
1334,https://yocket.in/profiles/piyushagade,
1335,https://yocket.in/profiles/sushmitasinha107,
1336,https://yocket.in/profiles/vibsy007,
1337,https://yocket.in/profiles/sanswons,
1338,https://yocket.in/profiles/pallavikotkar17atgmail.com,
1339,https://yocket.in/profiles/harshs07,
1340,https://yocket.in/profiles/omkarhegde.stupidsid,
1341,https://yocket.in/profiles/shambhavi.stupidsid,
1342,https://yocket.in/profiles/adarshbaluni,
1343,https://yocket.in/profiles/apoorvacoolguy,
1344,https://yocket.in/profiles/yogeshsingh.stupidsid,
1345,https://yocket.in/profiles/yogeshsingh.stupidsid,
1346,https://yocket.in/profiles/viraj.shah92,
1347,https://yocket.in/profiles/grudra77,
1348,https://yocket.in/profiles/vikratnt-,
1349,https://yocket.in/profiles/syedaamiruddin,
1350,https://yocket.in/profiles/krutika4,
1351,https://yocket.in/profiles/aneeshkher.stupidsid,
1352,https://yocket.in/profiles/darshan-patnekar,
1353,https://yocket.in/profiles/pratik206,
1354,https://yocket.in/profiles/santoshiyer.stupidsid,
1355,https://yocket.in/profiles/mihirathwa,
1356,https://yocket.in/profiles/metla,
1357,https://yocket.in/profiles/thosar07,
1358,https://yocket.in/profiles/rudresh,
1359,https://yocket.in/profiles/borolepratik,
1360,https://yocket.in/profiles/vivekj,
1361,https://yocket.in/profiles/pgsupe,
1362,https://yocket.in/profiles/ajinxx,
1363,https://yocket.in/profiles/rohitamale18,
1364,https://yocket.in/profiles/rucha912,
1365,https://yocket.in/profiles/parthshah13594,
1366,https://yocket.in/profiles/parthshah13594,
1367,https://yocket.in/profiles/aravindkv805,
1368,https://yocket.in/profiles/yashjain284,
1369,https://yocket.in/profiles/akashmalbari,
1370,https://yocket.in/profiles/lysenthilkumar,
1371,https://yocket.in/profiles/fouishan,
1372,https://yocket.in/profiles/gaurangshahcr7,
1373,https://yocket.in/profiles/vinneett,
1374,https://yocket.in/profiles/remeshsv,
1375,https://yocket.in/profiles/shravankale,
1376,https://yocket.in/profiles/pranshu02,
1377,https://yocket.in/profiles/ak2rockk93,
1378,https://yocket.in/profiles/jerrydabre,
1379,https://yocket.in/profiles/akki22akash,
1380,https://yocket.in/profiles/jayanthreddy4uatgmail.com,
1381,https://yocket.in/profiles/shirish8,
1382,https://yocket.in/profiles/mehulvibhakar,
1383,https://yocket.in/profiles/nisaroha,
1384,https://yocket.in/profiles/amanchanana,
1385,https://yocket.in/profiles/stormbreaker26atgmail.com,
1386,https://yocket.in/profiles/ashutoshb,
1387,https://yocket.in/profiles/ashutoshb,
1388,https://yocket.in/profiles/akhileshjoshi123,
1389,https://yocket.in/profiles/ponneeswaran,
1390,https://yocket.in/profiles/husainmadsaurwala.stupidsid,
1391,https://yocket.in/profiles/mohit42,
1392,https://yocket.in/profiles/ahens26,
1393,https://yocket.in/profiles/snjkhatwani,
1394,https://yocket.in/profiles/ankurpatil23,
1395,https://yocket.in/profiles/dhruvit969894,
1396,https://yocket.in/profiles/rakasit,
1397,https://yocket.in/profiles/kalyanch1,
1398,https://yocket.in/profiles/akash.udani,
1399,https://yocket.in/profiles/venkateshlnt,
1400,https://yocket.in/profiles/fularp,
1401,https://yocket.in/profiles/vikasrp51,
1402,https://yocket.in/profiles/jayendrakhandare,
1403,https://yocket.in/profiles/suryaprakashreddyadapa,
1404,https://yocket.in/profiles/vinit.gaikwad10,
1405,https://yocket.in/profiles/nikhil.tiware,
1406,https://yocket.in/profiles/tejaswi.konduri,
1407,https://yocket.in/profiles/karishmacarvalho,
1408,https://yocket.in/profiles/karishmacarvalho,
1409,https://yocket.in/profiles/kris21592,
1410,https://yocket.in/profiles/deepshah.stupidsid,
1411,https://yocket.in/profiles/ameyanayak.stupidsid,
1412,https://yocket.in/profiles/ronakbhuptani,
1413,https://yocket.in/profiles/ritesh.rv,
1414,https://yocket.in/profiles/karan.motani,
1415,https://yocket.in/profiles/venkat4541,
1416,https://yocket.in/profiles/deepaksd,
1417,https://yocket.in/profiles/aamirs,
1418,https://yocket.in/profiles/kedark3,
1419,https://yocket.in/profiles/shaleensomani,
1420,https://yocket.in/profiles/sandeepkulkarni.stupidsid,
1421,https://yocket.in/profiles/vickky9793,
1422,https://yocket.in/profiles/utsav93,
1423,https://yocket.in/profiles/vshukl1,
1424,https://yocket.in/profiles/ravi.g.nihalaniatgmail.com,
1425,https://yocket.in/profiles/kdkulkarni21,
1426,https://yocket.in/profiles/keerthibs,
1427,https://yocket.in/profiles/anitha_r,
1428,https://yocket.in/profiles/holmes0078,
1429,https://yocket.in/profiles/holmes0078,
1430,https://yocket.in/profiles/jay_upadhyay,
1431,https://yocket.in/profiles/rd1991,
1432,https://yocket.in/profiles/miles_n,
1433,https://yocket.in/profiles/rakeshbora04,
1434,https://yocket.in/profiles/pavan_bhat,
1435,https://yocket.in/profiles/rdharani19,
1436,https://yocket.in/profiles/mmaannuu,
1437,https://yocket.in/profiles/guptaatit,
1438,https://yocket.in/profiles/vviswav,
1439,https://yocket.in/profiles/asgamre,
1440,https://yocket.in/profiles/jayatiburman,
1441,https://yocket.in/profiles/karancr7,
1442,https://yocket.in/profiles/deepak24694,
1443,https://yocket.in/profiles/deepan_verma,
1444,https://yocket.in/profiles/rp7275,
1445,https://yocket.in/profiles/shivang94,
1446,https://yocket.in/profiles/kevalgoradia,
1447,https://yocket.in/profiles/aakar77,
1448,https://yocket.in/profiles/dhavalwinz,
